tradeId,trade_type,trade_currency,opened_date,closed_date,price_1,price_2,price_1_in_euros,price_2_in_euros,quantity_1,quantity_2,purchase_price,sales_price,purchase_price_in_euros,sales_price_in_euros,profit_loss_in_original_currency,profit_loss_in_euros,profit_loss_in_euros_calculated
0008e1cf-0001-54c4-0000-0000801200e1,LONG,USD,2022-03-09 14:59:55,2022-03-09 17:21:03,1.89,1.88,1.7192759028472664,1.7101792049486035,-10.0,10.0,18.8,18.9,17.1,17.19,0.1,0.09,0.09
00001344-0001-54c4-0000-000080162c3c,LONG,USD,2022-02-24 16:32:02,2022-03-02 20:00:37,118.56,110.0,106.20800859983875,98.53981904505956,-10.0,10.0,1100.0,1185.6,985.4,1062.08,85.6,76.94,76.68
0018314c-0001-54c4-0000-000080291ec9,LONG,USD,2022-01-11 14:32:07,2022-01-11 15:56:12,5.09,5.0,4.490119971771348,4.4107268877911086,-5.0,5.0,25.0,25.45,22.05,22.45,0.45,0.4,0.4
000d23dd-0001-54c4-0000-0000801adffc,LONG,USD,2021-12-04 12:13:23,2021-12-06 21:54:50,0.58,0.55,0.5136834647064032,0.4871136303250377,-50.0,50.0,27.5,29.0,24.36,25.68,1.5,0.91,1.32
0018314c-0001-54c4-0000-000080242399,LONG,USD,2021-11-17 18:40:13,2021-11-17 19:18:57,10.31,10.3,9.110993283845882,9.102156238953695,-90.0,90.0,927.0,927.9,819.19,819.99,0.9,0.8,0.8
00513301-0001-54c4-0000-0000802839d2,LONG,USD,2021-11-11 14:34:22,2021-11-17 15:42:51,1101.18,1086.05,960.8900523560211,947.6876090750436,-0.6,0.6,651.63,660.71,568.61,576.53,9.08,8.03,7.92
0018314c-0001-54c4-0000-0000802421c0,LONG,USD,2021-11-17 14:26:17,2021-11-17 14:31:03,10.33,10.31,9.12866737363026,9.110993283845882,-130.0,130.0,1340.3,1342.9,1184.43,1186.73,2.6,2.3,2.3
0018314c-0001-54c4-0000-000080241ef8,LONG,USD,2021-11-16 14:49:24,2021-11-16 17:34:32,10.35,10.26,9.104503870513723,9.02533427163969,-130.0,130.0,1333.8,1345.5,1173.29,1183.59,11.7,10.33,10.3
0018314c-0001-54c4-0000-000080241e8c,LONG,USD,2021-11-16 14:29:29,2021-11-16 14:31:32,10.56,10.55,9.289232934553132,9.280436312456017,-120.0,120.0,1266.0,1267.2,1113.65,1114.71,1.2,1.06,1.06
0018314c-0001-54c4-0000-000080241d40,LONG,USD,2021-11-15 19:51:29,2021-11-16 10:41:50,10.77,10.76,9.411045089129674,9.402306885704299,-120.0,120.0,1291.2,1292.4,1128.28,1129.33,1.2,1.06,1.05
0018314c-0001-54c4-0000-000080241af2,LONG,USD,2021-11-15 14:45:49,2021-11-15 15:10:13,11.01,10.99,9.620761971338691,9.60328556448794,-100.0,100.0,1099.0,1101.0,960.33,962.08,2.0,1.75,1.75
0018314c-0001-54c4-0000-00008024197c,LONG,USD,2021-11-12 21:59:17,2021-11-15 12:21:12,11.27,11.2,9.8445143256464,9.783368273934311,-40.0,40.0,448.0,450.8,391.33,393.78,2.8,2.45,2.45
0018314c-0001-54c4-0000-000080241938,LONG,USD,2021-11-12 19:03:05,2021-11-12 19:31:48,11.01,10.97,9.617400419287211,9.582459818308875,-125.0,125.0,1371.25,1376.25,1197.81,1202.18,5.0,4.37,4.37
0001a04c-0000-5552-0000-000080120297,LONG,EUR,2021-11-08 08:22:15,2021-11-12 10:45:00,76.59,76.12,76.59,76.12,-10.0,10.0,761.2,765.9,761.2,765.9,4.7,4.7,4.7
0018314c-0001-54c4-0000-000080241257,LONG,USD,2021-11-10 19:45:10,2021-11-11 22:52:10,11.19,9.99,9.681605814154699,8.643363903789584,-10.0,10.0,99.9,111.9,86.43,96.82,12.0,10.48,10.39
0018314c-0001-54c4-0000-00008024134b,LONG,USD,2021-11-11 14:34:45,2021-11-11 22:52:10,11.19,10.41,9.764397905759163,9.083769633507854,-35.0,35.0,364.35,391.65,317.93,341.75,27.3,23.84,23.82
0018314c-0001-54c4-0000-0000802412cd,LONG,USD,2021-11-11 09:33:47,2021-11-11 11:44:15,10.5,10.49,9.162303664921467,9.153577661431065,-35.0,35.0,367.15,367.5,320.38,320.68,0.35,0.31,0.3
00513301-0001-54c4-0000-00008027e504,LONG,USD,2021-11-09 16:38:20,2021-11-11 10:20:53,1104.27,1070.0,953.8481471883908,924.2463505225879,-0.6,0.6,642.0,662.56,554.55,572.31,20.56,17.92,17.76
0018314c-0001-54c4-0000-000080240d49,LONG,USD,2021-11-09 14:36:07,2021-11-09 20:00:56,10.74,10.2,9.277014770665977,8.810572687224669,-10.0,10.0,102.0,107.4,88.11,92.77,5.4,4.66,4.66
0018314c-0001-54c4-0000-000080240dc6,LONG,USD,2021-11-09 14:56:33,2021-11-09 20:00:56,10.74,10.0,9.277014770665977,8.637816360024186,-10.0,10.0,100.0,107.4,86.38,92.77,7.4,6.38,6.39
0004405d-0001-54c4-0000-00008024a64a,LONG,USD,2021-09-25 21:17:27,2021-11-09 08:47:34,2.29,2.33,1.9540916460448845,1.9882242512159742,-300.0,300.0,699.0,687.0,596.47,586.23,-12.0,-10.389999999999999,-10.24
0018314c-0001-54c4-0000-0000802402c1,LONG,USD,2021-11-08 12:00:36,2021-11-08 16:20:53,10.53,9.31,9.094049572501943,8.04041799810001,-40.0,40.0,372.4,421.2,321.62,363.76,48.8,42.11,42.14
0061241d-0001-54c4-0000-0000804656d8,LONG,USD,2021-11-07 14:24:35,2021-11-08 04:00:22,1.25,1.22,1.085163642677316,1.0591197152530603,-500.0,500.0,610.0,625.0,529.56,542.58,15.0,10.76,13.02
0015421d-0001-54c4-0000-000081a0cb62,LONG,USD,2021-11-06 18:37:29,2021-11-06 19:50:38,4481.8,4449.95,3890.7891310009554,3863.139161385537,-0.2,0.2,889.99,896.36,772.63,778.16,6.37,5.51,5.53
003c31ce-0001-54c4-0000-00008022e87a,LONG,USD,2021-11-04 16:43:55,2021-11-04 17:45:29,10.1,9.81,8.7302273316622,8.47955743798081,-50.0,50.0,490.5,505.0,423.98,436.51,14.5,12.56,12.53
0008e1cf-0001-54c4-0000-000080010115,LONG,USD,2021-07-14 14:35:30,2021-11-02 15:31:43,6.11,5.94,5.172705722993566,5.028784287165594,-20.0,20.0,118.8,122.2,100.58,103.45,3.4,2.93,2.87
0008e1cf-0001-54c4-0000-0000800600c6,LONG,USD,2021-09-13 13:55:33,2021-11-02 15:31:42,6.11,5.4,5.186757215619695,4.584040747028863,-9.0,9.0,48.6,54.99,41.26,46.68,6.39,5.51,5.42
00000006-0001-54c4-0000-00008014096a,LONG,USD,2021-10-28 14:32:05,2021-11-01 17:08:13,17.68,16.93,15.25058224790822,14.603640127663246,-50.0,50.0,846.5,884.0,730.18,762.53,37.5,32.34,32.35
0018314c-0001-54c4-0000-000080231a3b,LONG,USD,2021-10-22 13:34:07,2021-10-29 15:10:44,7.88,7.9,6.775580395528804,6.792777300085985,-10.0,10.0,79.0,78.8,67.93,67.76,-0.2,-0.17,-0.17
0018314c-0001-54c4-0000-0000802321e4,LONG,USD,2021-10-27 13:33:18,2021-10-29 15:10:44,7.88,7.4,6.783162606524921,6.369975036584317,-10.0,10.0,74.0,78.8,63.7,67.83,4.8,4.15,4.13
0018314c-0001-54c4-0000-000080232064,LONG,USD,2021-10-26 15:32:10,2021-10-29 15:10:44,7.88,7.3,6.78257875710105,6.283353417111379,-10.0,10.0,73.0,78.8,62.83,67.83,5.8,5.01,5.0
0018314c-0001-54c4-0000-0000802322d9,LONG,USD,2021-10-27 18:08:02,2021-10-29 15:10:44,7.88,7.1,6.783162606524921,6.111732805371438,-10.0,10.0,71.0,78.8,61.12,67.83,7.8,6.74,6.71
0018314c-0001-54c4-0000-000080231d99,LONG,USD,2021-10-25 12:43:07,2021-10-25 20:00:23,7.5,7.5,6.463845557183486,6.463845557183486,-30.0,30.0,225.0,225.0,193.92,193.92,0.0,0.0,0.0
0018314c-0001-54c4-0000-000080231c6e,LONG,USD,2021-10-22 19:22:34,2021-10-25 19:53:23,7.48,7.25,6.4316423043852105,6.233877901977644,-10.0,10.0,72.5,74.8,62.34,64.32,2.3,1.98,1.98
0018314c-0001-54c4-0000-000080110177,LONG,USD,2021-07-01 16:57:46,2021-10-18 14:00:58,8.6,8.51,7.236620666442276,7.160888589700438,-5.0,5.0,42.55,43.0,35.8,36.18,0.45,0.39,0.38
0018314c-0001-54c4-0000-000080120160,LONG,USD,2021-07-07 14:08:49,2021-10-18 14:00:58,8.6,8.0,7.269038965429803,6.761896712027723,-20.0,20.0,160.0,172.0,135.24,145.38,12.0,10.34,10.14
0018314c-0001-54c4-0000-00008011016e,LONG,USD,2021-07-01 15:54:45,2021-10-18 14:00:58,8.6,8.65,7.236620666442276,7.278694042409964,-20.0,20.0,173.0,172.0,145.57,144.73,-1.0,-0.86,-0.84
0004405d-0001-54c4-0000-00008027307d,LONG,USD,2021-10-12 10:10:55,2021-10-15 15:56:29,2.22,2.08,1.921246213760277,1.8000865426222417,-70.0,70.0,145.6,155.4,126.01,134.49,9.8,8.53,8.48
0008e1cf-0001-54c4-0000-000080060226,LONG,USD,2021-10-06 19:59:37,2021-10-07 14:40:44,5.11,5.0,4.427308958586035,4.332004851845435,-141.0,141.0,705.0,720.51,610.81,624.25,15.51,13.41,13.44
0015421d-0001-54c4-0000-0000819493a9,LONG,USD,2021-10-06 13:49:34,2021-10-06 15:23:35,3604.26,3600.0,3122.734361462485,3119.043493328713,-0.19,0.19,684.0,684.81,592.62,593.32,0.81,0.7,0.7
0000e255-0001-54c4-0000-0000802200a5,LONG,USD,2021-09-29 14:30:07,2021-10-05 19:04:36,23.97,23.66,20.56804530633259,20.302042217264457,-10.0,10.0,236.6,239.7,203.02,205.68,3.1,2.67,2.66
0000e255-0001-54c4-0000-0000802200a3,LONG,USD,2021-09-29 14:23:07,2021-10-05 19:04:34,23.97,23.77,20.56804530633259,20.396430410159603,-20.0,20.0,475.4,479.4,407.93,411.36,4.0,3.45,3.43
0004405d-0001-54c4-0000-000080229f07,LONG,USD,2021-09-19 21:25:19,2021-09-25 13:14:30,2.37,2.31,2.01188455008489,1.9609507640067914,-130.0,130.0,300.3,308.1,254.92,261.54,7.8,6.58,6.62
0004405d-0001-54c4-0000-000080229efc,LONG,USD,2021-09-19 21:25:16,2021-09-25 13:14:30,2.37,2.31,2.01188455008489,1.9609507640067914,-40.0,40.0,92.4,94.8,78.44,80.48,2.4,2.02,2.04
0004405d-0001-54c4-0000-000080229ee3,LONG,USD,2021-09-19 21:23:49,2021-09-25 13:14:30,2.37,2.31,2.01188455008489,1.9609507640067914,-50.0,50.0,115.5,118.5,98.05,100.59,3.0,2.53,2.54
0004405d-0001-54c4-0000-000080229edf,LONG,USD,2021-09-19 21:23:39,2021-09-25 13:14:30,2.37,2.31,2.01188455008489,1.9609507640067914,-80.0,80.0,184.8,189.6,156.88,160.95,4.8,4.05,4.07
0004405d-0001-54c4-0000-000080227371,LONG,USD,2021-09-17 18:37:29,2021-09-18 20:05:38,2.36,2.34,2.0033955857385397,1.9864176570458405,-247.0,247.0,577.98,582.92,490.65,494.84,4.94,4.49,4.19
0004405d-0001-54c4-0000-00008022736f,LONG,USD,2021-09-17 18:37:24,2021-09-18 20:05:23,2.36,2.34,2.0033955857385397,1.9864176570458405,-53.0,53.0,124.02,125.08,105.28,106.18,1.06,0.94,0.9
0018314c-0001-54c4-0000-000080201635,LONG,USD,2021-09-17 13:29:29,2021-09-17 13:53:17,6.23,6.22,5.288624787775892,5.280135823429542,-90.0,90.0,559.8,560.7,475.21,475.98,0.9,0.77,0.77
0018314c-0001-54c4-0000-00008020124e,LONG,USD,2021-09-15 13:56:08,2021-09-17 13:32:14,6.2,6.17,5.243572395128552,5.218200270635995,-20.0,20.0,123.4,124.0,104.36,104.87,0.6,0.51,0.51
0004405d-0001-54c4-0000-00008021e8da,LONG,USD,2021-09-13 11:57:26,2021-09-15 13:53:38,2.48,2.44,2.1052631578947367,2.071307300509338,-50.0,50.0,122.0,124.0,103.57,105.26,2.0,1.86,1.69
0015421d-0001-54c4-0000-0000818b4002,LONG,USD,2021-09-10 22:33:54,2021-09-11 09:47:19,3251.75,3225.83,2746.178532218563,2724.288489147876,-0.04,0.04,129.03,130.07,108.97,109.85,1.04,0.88,0.88
0008e1cf-0001-54c4-0000-00008003003d,LONG,USD,2021-08-17 13:30:01,2021-09-08 14:29:42,5.49,5.49,4.665590209909068,4.665590209909068,-20.0,20.0,109.8,109.8,93.31,93.31,0.0,0.0,0.0
005505cb-0001-54c4-0000-00008021001a,LONG,USD,2021-08-18 19:39:37,2021-08-23 13:30:44,42.21,40.97,36.00614177258382,34.948392049816604,-1.0,1.0,40.97,42.21,34.95,36.01,1.24,1.06,1.06
0001934d-0001-54c4-0000-000080030116,LONG,USD,2021-07-23 15:40:18,2021-08-06 16:16:25,12.41,11.97,10.546443443528512,10.172516359309935,-10.0,10.0,119.7,124.1,101.73,105.46,4.4,3.74,3.73
005505cb-0001-54c4-0000-0000802000b2,LONG,USD,2021-07-21 19:02:34,2021-07-23 15:40:01,55.05,55.05,46.76350662589194,46.76350662589194,-2.0,2.0,110.1,110.1,93.53,93.53,0.0,0.0,0.0
0001934d-0001-54c4-0000-000080020466,LONG,USD,2021-07-08 19:55:11,2021-07-13 14:42:08,16.55,15.03,13.980402094948472,12.696401419158642,-14.0,14.0,210.42,231.7,177.75,195.73,21.28,17.99,17.98
0001934d-0001-54c4-0000-00008002038e,LONG,USD,2021-07-08 13:45:04,2021-07-08 14:04:08,15.49,15.09,13.084980571042406,12.747085656360872,-14.0,14.0,211.26,216.86,178.46,183.19,5.6,4.72,4.73
0001934d-0001-54c4-0000-000080010bb8,LONG,USD,2021-07-02 16:14:59,2021-07-06 19:41:05,17.02,19.53,14.395669457836421,16.51865008880995,-10.0,10.0,195.3,170.2,165.19,143.96,-25.1,-21.23,-21.23
0001934d-0001-54c4-0000-000080010a16,LONG,USD,2021-07-01 13:32:13,2021-07-06 19:41:05,17.02,19.05,14.321777179400875,16.029956243688996,-10.0,10.0,190.5,170.2,160.3,143.22,-20.3,-17.17,-17.08
0001934d-0001-54c4-0000-00008001030e,LONG,USD,2021-06-28 14:20:12,2021-06-30 17:40:49,18.64,17.87,15.65071368597817,15.004198152812762,-30.0,30.0,536.1,559.2,450.13,469.52,23.1,19.49,19.39
0008e1cf-0001-54c4-0000-0000800000cb,LONG,USD,2021-06-24 14:53:55,2021-06-25 19:43:37,7.39,7.2,6.191353887399464,6.032171581769437,-20.0,20.0,144.0,147.8,120.64,123.83,3.8,3.18,3.19
0008e1cf-0001-54c4-0000-0000800000b0,LONG,USD,2021-06-24 13:41:34,2021-06-25 16:13:47,7.43,7.37,6.224865951742627,6.174597855227882,-30.0,30.0,221.1,222.9,185.24,186.75,1.8,1.51,1.51
0008e1cf-0001-54c4-0000-0000800000f3,LONG,USD,2021-06-24 17:43:10,2021-06-25 15:41:12,7.32,7.18,6.132707774798928,6.015415549597855,-43.0,43.0,308.74,314.76,258.66,263.71,6.02,5.04,5.05
0045435d-0001-54c4-0000-000080201404,LONG,USD,2021-06-24 16:19:15,2021-06-24 17:32:17,6.13,6.1,5.135723860589812,5.11058981233244,-50.0,50.0,305.0,306.5,255.53,256.79,1.5,1.01,1.26
005505cb-0001-54c4-0000-0000801f008b,LONG,USD,2021-06-24 14:22:37,2021-06-24 15:17:06,57.88,56.93,48.49195710455764,47.696045576407506,-5.0,5.0,284.65,289.4,238.48,242.46,4.75,3.98,3.98
0001934d-0001-54c4-0000-000080010062,LONG,USD,2021-06-24 13:31:35,2021-06-24 14:02:07,21.1,20.82,17.67761394101877,17.443029490616624,-20.0,20.0,416.4,422.0,348.86,353.55,5.6,4.6899999999999995,4.69
0015421d-0001-54c4-0000-000080622b16,LONG,USD,2021-06-23 20:02:09,2021-06-23 21:18:51,1950.82,1933.91,1632.3487574261567,1618.1993138649486,-0.2,0.2,386.78,390.16,323.64,326.47,3.38,2.84,2.83
0008e1cf-0001-54c4-0000-000080000096,LONG,USD,2021-06-23 15:03:20,2021-06-23 19:33:00,7.28,7.2,6.091540456865534,6.024600451845034,-5.0,5.0,36.0,36.4,30.12,30.46,0.4,0.34,0.34
0001934d-0001-54c4-0000-000080000375,LONG,USD,2021-06-23 17:08:50,2021-06-23 17:18:56,20.87,20.54,17.462973809723035,17.18684628901347,-20.0,20.0,410.8,417.4,343.74,349.26,6.6,5.53,5.52
0008e1cf-0001-54c4-0000-00008000006e,LONG,USD,2021-06-22 13:52:01,2021-06-23 13:42:22,7.24,7.09,6.087102740877754,5.960988733815369,-63.0,63.0,446.67,456.12,375.54,383.49,9.45,7.9,7.95
0008e1cf-0001-54c4-0000-00008000007e,LONG,USD,2021-06-22 19:42:14,2021-06-23 13:41:44,7.24,7.15,6.087102740877754,6.011434336640323,-10.0,10.0,71.5,72.4,60.11,60.87,0.9,0.75,0.76
00000082-0001-54c4-0000-0000800fe692,LONG,USD,2021-06-23 08:10:48,2021-06-23 13:30:23,13.23,13.2,11.07020333026525,11.04510082838256,-10.0,10.0,132.0,132.3,110.45,110.7,0.3,0.25,0.25
00000082-0001-54c4-0000-0000800fd4c7,LONG,USD,2021-06-18 14:35:39,2021-06-22 16:54:33,13.43,13.38,11.287611363254328,11.245587493696421,-5.0,5.0,66.9,67.15,56.23,56.44,0.25,0.21,0.21
00000082-0001-54c4-0000-0000800fd472,LONG,USD,2021-06-18 14:17:54,2021-06-22 16:54:31,13.43,13.3,11.287611363254328,11.178349302403767,-1.0,1.0,13.3,13.43,11.18,11.29,0.13,0.11,0.11
00000082-0001-54c4-0000-0000800fd46a,LONG,USD,2021-06-18 14:17:50,2021-06-22 16:54:28,13.44,13.3,11.29601613716591,11.178349302403767,-1.0,1.0,13.3,13.44,11.18,11.3,0.14,0.12,0.12
00000082-0001-54c4-0000-0000800fd470,LONG,USD,2021-06-18 14:17:53,2021-06-22 16:54:25,13.45,13.3,11.304420911077491,11.178349302403767,-1.0,1.0,13.3,13.45,11.18,11.3,0.15,0.13,0.12
00000082-0001-54c4-0000-0000800fd46e,LONG,USD,2021-06-18 14:17:52,2021-06-22 16:54:21,13.46,13.3,11.312825684989075,11.178349302403767,-1.0,1.0,13.3,13.46,11.18,11.31,0.16,0.13,0.13
00000082-0001-54c4-0000-0000800fd46c,LONG,USD,2021-06-18 14:17:51,2021-06-22 16:54:18,13.46,13.3,11.312825684989075,11.178349302403767,-1.0,1.0,13.3,13.46,11.18,11.31,0.16,0.13,0.13
0015421d-0001-54c4-0000-00008061c207,LONG,USD,2021-06-22 13:57:10,2021-06-22 14:35:00,1749.65,1725.46,1471.0358163780058,1450.6978308390785,-0.05,0.05,86.27,87.48,72.53,73.55,1.21,1.02,1.02
00000082-0001-54c4-0000-0000800fd917,LONG,USD,2021-06-18 20:59:47,2021-06-21 12:46:32,12.96,12.86,10.892586989409986,10.808539250294167,-39.0,39.0,501.54,505.44,421.53,424.81,3.9,3.28,3.28
00000082-0001-54c4-0000-0000800fd61e,LONG,USD,2021-06-18 16:15:11,2021-06-21 12:22:59,13.04,13.0,10.959825180702639,10.926206085056313,-5.0,5.0,65.0,65.2,54.63,54.8,0.2,0.17,0.17
00000082-0001-54c4-0000-0000800fd6cc,LONG,USD,2021-06-18 16:48:34,2021-06-18 18:53:43,12.64,12.8,10.62363422423937,10.758110606824678,-10.0,10.0,128.0,126.4,107.58,106.24,-1.6,-1.35,-1.34
00000082-0001-54c4-0000-0000800fcd52,LONG,USD,2021-06-17 18:02:52,2021-06-17 18:27:01,13.36,13.3,11.192091815363995,11.141827929965654,-1.0,1.0,13.3,13.36,11.14,11.19,0.06,0.05,0.05
00000082-0001-54c4-0000-0000800fcd63,LONG,USD,2021-06-17 18:12:49,2021-06-17 18:26:59,13.36,13.3,11.192091815363995,11.141827929965654,-1.0,1.0,13.3,13.36,11.14,11.19,0.06,0.05,0.05
00000082-0001-54c4-0000-0000800fc9f0,LONG,USD,2021-06-17 14:48:25,2021-06-17 17:44:22,13.34,13.3,11.175337186897881,11.141827929965654,-5.0,5.0,66.5,66.7,55.71,55.88,0.2,0.17,0.17
00000082-0001-54c4-0000-0000800fca3f,LONG,USD,2021-06-17 15:06:25,2021-06-17 17:44:20,13.34,13.2,11.175337186897881,11.058054787635085,-5.0,5.0,66.0,66.7,55.29,55.88,0.7,0.59,0.59
00000082-0001-54c4-0000-0000800fcc25,LONG,USD,2021-06-17 16:20:24,2021-06-17 17:44:15,13.34,13.1,11.175337186897881,10.974281645304515,-1.0,1.0,13.1,13.34,10.97,11.18,0.24,0.2,0.21
00000082-0001-54c4-0000-0000800fcc27,LONG,USD,2021-06-17 16:20:28,2021-06-17 17:44:14,13.34,13.1,11.175337186897881,10.974281645304515,-1.0,1.0,13.1,13.34,10.97,11.18,0.24,0.2,0.21
00000082-0001-54c4-0000-0000800fcc45,LONG,USD,2021-06-17 16:24:38,2021-06-17 17:44:13,13.34,13.1,11.175337186897881,10.974281645304515,-3.0,3.0,39.3,40.02,32.92,33.53,0.72,0.6,0.61
00000082-0001-54c4-0000-0000800fcb8c,LONG,USD,2021-06-17 15:51:57,2021-06-17 17:29:56,13.36,13.3,11.192091815363995,11.141827929965654,-5.0,5.0,66.5,66.8,55.71,55.96,0.3,0.25,0.25
00000082-0001-54c4-0000-0000800fbc3f,LONG,USD,2021-06-16 13:42:48,2021-06-17 15:23:30,13.45,13.43,11.093698449356648,11.077202243483999,-5.0,5.0,67.15,67.25,55.39,55.47,0.1,0.08,0.08
00000082-0001-54c4-0000-0000800e6402,LONG,USD,2021-06-03 09:07:58,2021-06-17 14:40:30,13.25,20.0,10.87224091244769,16.410929679166326,-50.0,50.0,1000.0,662.5,820.55,543.61,-337.5,-282.89,-276.94
00000082-0001-54c4-0000-0000800fbb56,LONG,USD,2021-06-16 13:31:32,2021-06-16 13:35:15,13.59,13.47,11.209171890465194,11.110194655229298,-5.0,5.0,67.35,67.95,55.55,56.05,0.6,0.5,0.5
00000082-0001-54c4-0000-0000800fb64f,LONG,USD,2021-06-15 15:29:04,2021-06-15 16:40:40,13.83,13.73,11.422200198216055,11.339610175090849,-5.0,5.0,68.65,69.15,56.7,57.11,0.5,0.41,0.41
00000082-0001-54c4-0000-0000800f0c01,LONG,USD,2021-06-04 19:02:51,2021-06-07 08:14:27,13.88,13.8,11.454980605760502,11.388957662787819,-3.0,3.0,41.4,41.64,34.17,34.36,0.24,0.2,0.19
00000082-0001-54c4-0000-0000800e3e16,LONG,USD,2021-06-02 18:46:49,2021-06-03 09:04:12,20.64,16.36,16.937469226981783,13.425242081076647,-1.0,1.0,16.36,20.64,13.43,16.94,4.28,3.51,3.51
00000082-0001-54c4-0000-0000800e2be6,LONG,USD,2021-06-02 13:55:21,2021-06-03 09:04:11,20.62,12.93,16.92105695059905,10.610536681437717,-1.0,1.0,12.93,20.62,10.61,16.92,7.69,6.31,6.31
00000082-0001-54c4-0000-0000800e5b55,LONG,USD,2021-06-03 08:45:56,2021-06-03 08:49:57,20.73,20.49,17.009928612455898,16.8129974563059,-20.0,20.0,409.8,414.6,336.26,340.2,4.8,3.94,3.94
00000082-0001-54c4-0000-0000800e29c4,LONG,USD,2021-06-02 13:30:24,2021-06-03 08:22:07,18.9,12.65,15.5096011816839,10.380764812079436,-10.0,10.0,126.5,189.0,103.81,155.1,62.5,51.28,51.29
00000082-0001-54c4-0000-0000800e4c68,LONG,USD,2021-06-02 21:16:15,2021-06-02 23:26:12,15.8,14.92,12.965698342360087,12.243558181519777,-20.0,20.0,298.4,316.0,244.87,259.31,17.6,14.41,14.44
00000082-0001-54c4-0000-0000800e0921,LONG,USD,2021-05-28 14:17:02,2021-06-01 20:06:45,11.8,11.75,9.718333058804152,9.677153681436337,-10.0,10.0,117.5,118.0,96.77,97.18,0.5,0.41,0.41
00000082-0001-54c4-0000-0000800e09f8,LONG,USD,2021-05-28 14:43:44,2021-06-01 19:56:49,11.45,11.4,9.430077417229452,9.388898039861639,-90.0,90.0,1026.0,1030.5,845.0,848.71,4.5,3.68,3.71
00000082-0001-54c4-0000-0000800e0559,LONG,USD,2021-05-27 20:19:52,2021-05-28 14:30:59,10.99,9.9,9.009673717002787,8.116084604033448,-5.0,5.0,49.5,54.95,40.58,45.05,5.45,4.48,4.47
00000082-0001-54c4-0000-0000800e0298,LONG,USD,2021-05-26 22:02:42,2021-05-27 19:48:14,9.89,9.88,8.087333387848556,8.079156104342138,-120.0,120.0,1185.6,1186.8,969.5,970.48,1.2,0.98,0.98
000122d4-0001-54c4-0000-0000801f027e,LONG,USD,2021-05-26 14:32:47,2021-05-27 13:33:29,17.7,17.59,14.473791806361925,14.383841687791314,-1.0,1.0,17.59,17.7,14.38,14.47,0.11,0.09,0.09
00007345-0001-54c4-0000-0000804f6629,LONG,USD,2021-05-25 18:36:28,2021-05-26 14:25:43,239.94,212.68,195.6457925636008,173.4181343770385,-5.0,5.0,1063.4,1199.7,867.09,978.23,136.3,111.39,111.14
0015421d-0001-54c4-0000-000080580b81,LONG,USD,2021-05-25 02:36:13,2021-05-26 08:12:19,2819.33,2656.2,2298.8666014350947,2165.8512720156555,-0.03,0.03,79.69,84.58,64.98,68.97,4.89,4.0,3.99
00007345-0001-54c4-0000-0000804f5ac4,LONG,USD,2021-05-25 18:08:02,2021-05-25 18:20:15,201.25,196.59,164.09817351598176,160.29843444227006,-1.0,1.0,196.59,201.25,160.3,164.1,4.66,3.8,3.8
00007345-0001-54c4-0000-0000804f5bb6,LONG,USD,2021-05-25 18:11:11,2021-05-25 18:20:15,201.25,196.75,164.09817351598176,160.42889758643184,-4.0,4.0,787.0,805.0,641.72,656.39,18.0,14.69,14.67
00007345-0001-54c4-0000-0000804f51b1,LONG,USD,2021-05-25 14:53:10,2021-05-25 18:20:15,201.25,192.84,164.09817351598176,157.2407045009785,-1.0,1.0,192.84,201.25,157.24,164.1,8.41,6.86,6.86
00007345-0001-54c4-0000-0000804f51af,LONG,USD,2021-05-25 14:53:10,2021-05-25 14:57:47,192.95,192.84,157.3303979125897,157.2407045009785,-4.0,4.0,771.36,771.8,628.96,629.32,0.44,0.36,0.36
0015421d-0001-54c4-0000-00008058668b,LONG,USD,2021-05-25 14:21:01,2021-05-25 14:28:06,2616.97,2607.17,2133.8633398564907,2125.872472276582,-0.5,0.5,1303.59,1308.48,1062.94,1066.93,4.89,4.0,3.99
0015421d-0001-54c4-0000-000080580b82,LONG,USD,2021-05-25 02:36:13,2021-05-25 13:12:10,2476.64,2656.2,2019.4390084801043,2165.8512720156555,-1.87,1.87,4967.09,4631.32,4050.14,3776.35,-335.77,-274.01,-273.79
0018314c-0001-54c4-0000-0000801002fb,LONG,USD,2021-05-24 14:47:30,2021-05-24 23:56:52,8.44,8.25,6.911234850966262,6.755650180150671,-5.0,5.0,41.25,42.2,33.78,34.56,0.95,0.78,0.78
0018314c-0001-54c4-0000-0000801002f7,LONG,USD,2021-05-24 14:42:20,2021-05-24 23:56:52,8.44,8.3,6.911234850966262,6.796593514575827,-5.0,5.0,41.5,42.2,33.98,34.56,0.7,0.57,0.58
0018314c-0001-54c4-0000-0000801002f5,LONG,USD,2021-05-24 14:42:20,2021-05-24 23:56:52,8.44,8.35,6.911234850966262,6.837536849000982,-5.0,5.0,41.75,42.2,34.19,34.56,0.45,0.37,0.37
0018314c-0001-54c4-0000-0000801002c1,LONG,USD,2021-05-24 14:04:36,2021-05-24 23:56:52,8.44,8.5,6.911234850966262,6.960366852276449,-5.0,5.0,42.5,42.2,34.8,34.56,-0.3,-0.25,-0.24
0018314c-0001-54c4-0000-0000801002bb,LONG,USD,2021-05-24 14:04:05,2021-05-24 23:56:52,8.44,8.6,6.911234850966262,7.04225352112676,-5.0,5.0,43.0,42.2,35.21,34.56,-0.8,-0.65,-0.65
0018314c-0001-54c4-0000-00008010029b,LONG,USD,2021-05-24 13:31:30,2021-05-24 23:56:52,8.44,8.75,6.911234850966262,7.165083524402227,-5.0,5.0,43.75,42.2,35.83,34.56,-1.55,-1.27,-1.27
0018314c-0001-54c4-0000-0000801002a2,LONG,USD,2021-05-24 13:32:27,2021-05-24 23:56:52,8.44,8.7,6.911234850966262,7.124140189977071,-5.0,5.0,43.5,42.2,35.62,34.56,-1.3,-1.06,-1.06
0018314c-0001-54c4-0000-00008010029a,LONG,USD,2021-05-24 13:31:30,2021-05-24 23:56:52,8.44,8.8,6.911234850966262,7.206026858827383,-5.0,5.0,44.0,42.2,36.03,34.56,-1.8,-1.47,-1.47
0018314c-0001-54c4-0000-0000801002da,LONG,USD,2021-05-24 14:24:23,2021-05-24 23:56:52,8.44,8.45,6.911234850966262,6.919423517851293,-5.0,5.0,42.25,42.2,34.6,34.56,-0.05,-0.04,-0.04
0018314c-0001-54c4-0000-0000801002e5,LONG,USD,2021-05-24 14:30:41,2021-05-24 23:56:52,8.44,8.4,6.911234850966262,6.878480183426138,-5.0,5.0,42.0,42.2,34.39,34.56,0.2,0.16,0.17
0018314c-0001-54c4-0000-0000801002bf,LONG,USD,2021-05-24 14:04:33,2021-05-24 23:56:52,8.44,8.55,6.911234850966262,7.001310186701605,-5.0,5.0,42.75,42.2,35.01,34.56,-0.55,-0.45,-0.45
0018314c-0001-54c4-0000-0000801002b8,LONG,USD,2021-05-24 14:02:21,2021-05-24 23:56:52,8.44,8.65,6.911234850966262,7.0831968555519165,-5.0,5.0,43.25,42.2,35.42,34.56,-1.05,-0.86,-0.86
0015421d-0001-54c4-0000-000080579fa3,LONG,USD,2021-05-24 15:30:59,2021-05-24 22:42:31,2540.6,2525.13,2080.4127088110054,2067.7448411398623,-1.9,1.9,4797.75,4827.14,3928.72,3952.78,29.39,24.06,24.06
0015421d-0001-54c4-0000-0000805783fe,LONG,USD,2021-05-24 12:53:14,2021-05-24 13:19:17,2347.35,2460.87,1922.166721257779,2015.1244677366524,-1.75,1.75,4306.52,4107.86,3526.47,3363.79,-198.66,-162.74,-162.68
0015421d-0001-54c4-0000-0000805783fc,LONG,USD,2021-05-24 12:53:14,2021-05-24 13:19:17,2347.35,2460.87,1922.166721257779,2015.1244677366524,-0.1,0.1,246.09,234.74,201.51,192.22,-11.35,-9.3,-9.29
0015421d-0001-54c4-0000-0000805783fb,LONG,USD,2021-05-24 12:53:14,2021-05-24 13:19:17,2347.35,2460.87,1922.166721257779,2015.1244677366524,-0.1,0.1,246.09,234.74,201.51,192.22,-11.35,-9.3,-9.29
0015421d-0001-54c4-0000-0000805770ea,LONG,USD,2021-05-24 11:33:10,2021-05-24 11:37:41,2332.56,2330.76,1910.0556829348182,1908.5817228955127,-1.54,1.54,3589.37,3592.14,2939.22,2941.49,2.77,2.27,2.27
0015421d-0001-54c4-0000-0000805770e9,LONG,USD,2021-05-24 11:33:10,2021-05-24 11:37:41,2332.56,2330.76,1910.0556829348182,1908.5817228955127,-0.01,0.01,23.31,23.33,19.09,19.1,0.02,0.01,0.01
0015421d-0001-54c4-0000-0000805770e8,LONG,USD,2021-05-24 11:33:10,2021-05-24 11:37:41,2332.56,2330.76,1910.0556829348182,1908.5817228955127,-0.35,0.35,815.77,816.4,668.0,668.52,0.63,0.52,0.52
0015421d-0001-54c4-0000-00008056f97d,LONG,USD,2021-05-23 17:30:24,2021-05-23 19:21:14,1952.71,1944.35,1602.1578601903511,1595.2986544141777,-2.0,2.0,3888.7,3905.42,3190.6,3204.32,16.72,13.73,13.72
0015421d-0001-54c4-0000-00008056c7af,LONG,USD,2021-05-23 15:44:07,2021-05-23 17:11:43,1946.4,1920.0,1596.980636691828,1575.3199868723334,-0.03,0.03,57.6,58.39,47.26,47.91,0.79,0.65,0.65
0015421d-0001-54c4-0000-00008056c7b2,LONG,USD,2021-05-23 15:44:08,2021-05-23 17:11:43,1946.4,1920.0,1596.980636691828,1575.3199868723334,-0.04,0.04,76.8,77.86,63.01,63.88,1.06,0.87,0.87
0015421d-0001-54c4-0000-00008056c7a6,LONG,USD,2021-05-23 15:44:02,2021-05-23 17:11:43,1946.4,1920.0,1596.980636691828,1575.3199868723334,-0.05,0.05,96.0,97.32,78.77,79.85,1.32,1.08,1.08
0015421d-0001-54c4-0000-00008056c7a2,LONG,USD,2021-05-23 15:44:01,2021-05-23 17:11:43,1946.4,1920.0,1596.980636691828,1575.3199868723334,-0.03,0.03,57.6,58.39,47.26,47.91,0.79,0.65,0.65
0015421d-0001-54c4-0000-00008056c7b4,LONG,USD,2021-05-23 15:44:12,2021-05-23 17:11:43,1946.4,1920.0,1596.980636691828,1575.3199868723334,-0.35,0.35,672.0,681.24,551.36,558.94,9.24,7.59,7.58
0015421d-0001-54c4-0000-00008056c7ac,LONG,USD,2021-05-23 15:44:06,2021-05-23 17:11:43,1946.4,1920.0,1596.980636691828,1575.3199868723334,-0.1,0.1,192.0,194.64,157.53,159.7,2.64,2.17,2.17
0015421d-0001-54c4-0000-00008056c7a9,LONG,USD,2021-05-23 15:44:03,2021-05-23 17:11:43,1946.4,1920.0,1596.980636691828,1575.3199868723334,-0.1,0.1,192.0,194.64,157.53,159.7,2.64,2.17,2.17
